{
  "write": {
    "redis": {
      "throughput_ops_per_sec": 62858.05061249936,
      "elapsed_seconds": 0.1590886116027832,
      "mean_ms": 0.01590886116027832
    },
    "mongodb": {
      "throughput_ops_per_sec": 92377.41168179015,
      "elapsed_seconds": 0.10825157165527344,
      "mean_ms": 0.010825157165527344
    }
  },
  "read": {
    "redis": {
      "point_lookup": {
        "mean_ms": 0.5139014200004567,
        "p50_ms": 0.4900999999790656,
        "p95_ms": 0.6748999999217631,
        "p99_ms": 0.8694000000559754,
        "max_ms": 1.4639999999417341,
        "throughput_rps": 1945.8984954723637
      },
      "range_query": {
        "mean_ms": 0.5785070899995617,
        "p50_ms": 0.5332000000635162,
        "p95_ms": 0.8014000000002852,
        "p99_ms": 1.4676000000690692,
        "max_ms": 3.6119999999755237,
        "throughput_rps": 1728.5872849039026
      },
      "complex_query": {
        "mean_ms": 0.7112514400000464,
        "p50_ms": 0.6553000000621978,
        "p95_ms": 1.0062000001198612,
        "p99_ms": 1.7625000000407454,
        "max_ms": 7.49350000000959,
        "throughput_rps": 1405.9725488920415
      }
    },
    "mongodb": {
      "point_lookup": {
        "mean_ms": 1.3032667899997705,
        "p50_ms": 1.2340999999196356,
        "p95_ms": 1.7073999999865919,
        "p99_ms": 2.5299000001268723,
        "max_ms": 11.96780000009312,
        "throughput_rps": 767.3026027158845
      },
      "range_query": {
        "mean_ms": 3.341770989998963,
        "p50_ms": 2.999700000145822,
        "p95_ms": 5.420300000196221,
        "p99_ms": 7.893899999999121,
        "max_ms": 73.10060000008889,
        "throughput_rps": 299.24252828597037
      },
      "complex_query": {
        "mean_ms": 2.2025629999961893,
        "p50_ms": 2.121500000157539,
        "p95_ms": 2.7717999998913,
        "p99_ms": 4.963999999972657,
        "max_ms": 4.963999999972657,
        "throughput_rps": 454.01652529427315
      }
    }
  },
  "concurrent": {
    "redis": {
      "total_requests": 10000,
      "total_time_sec": 2.9489376544952393,
      "throughput_rps": 3391.051684241751,
      "mean_latency_ms": 13.34221811999937,
      "p95_latency_ms": 29.328700000178287,
      "p99_latency_ms": 42.58249999998043,
      "max_latency_ms": 105.12850000009166
    },
    "mongodb": {
      "total_requests": 10000,
      "total_time_sec": 6.398038148880005,
      "throughput_rps": 1562.9791144259634,
      "mean_latency_ms": 29.903319910000185,
      "p95_latency_ms": 63.30149999985224,
      "p99_latency_ms": 93.09170000005906,
      "max_latency_ms": 504.0303999999196
    }
  }
}